Episode,Cumulative Reward,Epsilon,Average Q-Value,Steps
0,41.70204842090607,1.0,0.05285783226630324,47
10,13.837944567203522,0.9950112350131176,0.08354497585956396,18
20,28.795565724372864,0.9900473578023296,0.12394011697372534,33
30,5.098341107368469,0.98510824420837,0.171647502141546,9
40,35.731610894203186,0.9801937706913741,0.2242978245622802,40
50,6.04760354757309,0.9753038143277888,0.2406157585008398,10
60,25.659049808979034,0.9704382528072976,0.26785442109780677,30
70,39.26766395568848,0.9655969644297613,0.2899378760952189,45
80,100.0118858218193,0.9607798281021742,0.3180650936942947,107
90,3.02628231048584,0.9559867233356352,0.36958771076069713,7
100,23.75113320350647,0.951217530242334,0.37690279421428147,28
110,11.94192785024643,0.9464721295325524,0.39222036613737793,16
120,15.183007717132568,0.9417504025116805,0.40108294345858614,19
130,6.6858115792274475,0.937052231077248,0.43306274508500553,11
140,13.471109211444855,0.9323774977159699,0.4569044051228596,18
150,33.7173427939415,0.9277260855008077,0.4848652071882796,39
160,23.123237431049347,0.923097878088044,0.4959368651753391,27
170,18.881193220615387,0.9184927597143733,0.518806868792204,23
180,24.86730706691742,0.9139106151940054,0.5246590785265786,29
190,8.02075308561325,0.9093513299157857,0.5120948230045038,13
200,7.435448586940765,0.9048147898403269,0.5119348854176883,12
210,13.967415928840637,0.9003008814971583,0.5189374828072794,18
220,45.14162629842758,0.895809491981886,0.528956829483375,50
230,7.254172325134277,0.8913405089533699,0.5373302912368021,12
240,44.19408643245697,0.8868938206309135,0.5482725011115495,49
250,13.247224986553192,0.8824693157914677,0.5496230846533519,17
260,12.062288761138916,0.8780668837668493,0.5632663652041915,16
270,22.78890550136566,0.8736864144409725,0.5763213106338874,28
280,47.428364515304565,0.8693277982470946,0.5859531208579595,52
290,19.210849463939667,0.864990926165076,0.5997072709445511,23
300,12.226068258285522,0.8606756897186528,0.6097204822623611,16
310,8.695367693901062,0.8563819809727236,0.6173905465295935,13
320,72.11866384744644,0.8521096925306499,0.6280939294753325,80
330,44.00308936834335,0.84785871753157,0.6357326896570483,49
340,3.1907230019569397,0.8436289496477257,0.6392125929800078,7
350,45.39341652393341,0.8394202830818028,0.6535177730512943,51
360,93.61487603187561,0.8352326125642855,0.6703805820385395,103
370,73.22270119190216,0.8310658333508228,0.6805895792115102,81
380,15.13821655511856,0.8269198412196082,0.6948173848864979,19
390,2.090520441532135,0.8227945324687735,0.702649614495773,6
400,44.94156676530838,0.8186898039137951,0.7105430596337672,50
410,38.313954174518585,0.8146055528849124,0.7230455392770065,43
420,-1.349077045917511,0.8105416772245603,0.7376073598856366,2
430,5.86546516418457,0.8064980752848135,0.7426733845855654,10
440,17.578028798103333,0.8024746459248447,0.7471181858832161,22
450,31.780805349349976,0.7984712885083941,0.7441595868150183,37
460,24.476691901683807,0.7944879029012528,0.7501952280639025,30
470,-2.1814849376678467,0.7905243894687576,0.7551816361896893,1
480,14.220398426055908,0.7865806490732993,0.7599605420687886,18
490,39.9471932053566,0.7826565830718433,0.7644701554655424,46
500,7.93466192483902,0.7787520933134615,0.7690225805805229,12
510,2.9480400681495667,0.7748670821368779,0.7715100700558518,7
520,3.1076934933662415,0.7710014523680259,0.7770140811305214,7
530,6.694155991077423,0.7671551073176169,0.7814251674403341,11
540,41.902354180812836,0.7633279507787228,0.7928118879207967,46
550,82.65071111917496,0.7595198870243695,0.786524614508811,91
560,80.0254322886467,0.7557308208051414,0.7926796451052368,89
570,1.9846454858779907,0.751960657346801,0.798026151862192,6
580,18.034634828567505,0.748209302347916,0.8043501479749999,22
590,36.08587867021561,0.7444766619775032,0.8112417631518372,44
600,7.232778489589691,0.7407626428726788,0.6790655600203783,11
610,54.145526468753815,0.737067152136325,0.6838091436348243,59
620,20.286985337734222,0.7333900973347661,0.691250242807171,24
630,40.58816587924957,0.7297313864954562,0.6959769425367339,45
640,33.49742370843887,0.7260909281046787,0.6986518480753527,40
650,6.366480231285095,0.7224686311052574,0.7022446072955351,10
660,8.4523144364357,0.7188644048942786,0.7062549646417168,13
670,42.359374046325684,0.7152781593208262,0.7116255011841427,48
680,26.26535391807556,0.7117098046837247,0.6659482396788856,31
690,114.43293762207031,0.7081592517292976,0.6719200717436621,124
700,81.77985018491745,0.7046264116491338,0.6755864214858864,90
710,142.67461973428726,0.7011111960778661,0.6740985207458904,149
720,0.3391018509864807,0.6976135170909614,0.6765435509104771,4
730,6.5550402998924255,0.6941332872025221,0.6785159070541106,11
740,15.297536253929138,0.6906704193630966,0.6797844570527944,19
750,30.8256356716156,0.6872248269575028,0.6761629379280328,35
760,24.936179399490356,0.6837964238026608,0.6792981055950574,30
770,25.891882121562958,0.6803851241454388,0.6811558018642561,30
780,10.074322998523712,0.6769908426605066,0.6828092178716784,14
790,82.6747562289238,0.673613494448202,0.6864904232962777,91
800,76.2344024181366,0.6702529950324074,0.6871557194072898,82
810,58.03910166025162,0.6669092603584367,0.6908638775573172,63
820,18.034722208976746,0.6635822067909328,0.6913766551542773,22
830,19.248065888881683,0.660271751111776,0.6583608010856884,23
840,11.835050821304321,0.6569778105180021,0.6622851783919188,16
850,106.31711435317993,0.6537003026197313,0.6662815557298654,111
860,5.123845398426056,0.6504391454381077,0.6688121971574947,9
870,15.868158638477325,0.6471942574032484,0.6708240722076132,20
880,78.42467707395554,0.6439655573522038,0.6765436132938966,87
890,27.12615591287613,0.6407529645269272,0.6776105944321156,32
900,29.02984344959259,0.637556398572254,0.6789410782778134,34
910,30.276361644268036,0.634375779533894,0.6871720733379719,35
920,79.68073147535324,0.6312110278564291,0.6931430923332438,88
930,12.309257566928864,0.6280620643813251,0.7004226858587976,16
940,9.522326946258545,0.6249288103449504,0.7021987816366274,13
950,67.27153408527374,0.6218111873766076,0.7060923397044083,73
960,59.23728346824646,0.6187091174965714,0.7077149447571458,66
970,312.97369384765625,0.6156225231141397,0.7145374564286694,320
980,11.070605635643005,0.6125513270256917,0.7152650159539042,15
990,122.50236934423447,0.6094954524127577,0.715567514753269,127
1000,80.05373865365982,0.606454822840097,0.7212443496264549,87
1010,373.6828519105911,0.6034293622537864,0.724360637620828,384
1020,24.732908606529236,0.6004189949793179,0.7256648608485428,29
1030,22.357104539871216,0.5974236457197061,0.7367384262425846,28
1040,123.0850396156311,0.594443239553604,0.6945855015385062,132
1050,56.24146395921707,0.5914777019334302,0.6948426134856897,61
1060,68.63549935817719,0.5885269586835032,0.7001109516721145,76
1070,14.770507752895355,0.5855909359981866,0.7004474937341795,19
1080,21.05606085062027,0.582669560440043,0.7007724695716055,26
1090,100.30179977416992,0.5797627589379976,0.6933596723674958,107
1100,79.54191893339157,0.5768704587855094,0.6939917149744687,85
1110,16.313674867153168,0.5739925876387535,0.689775122681424,21
1120,133.76971209049225,0.5711290735148113,0.6930853014408047,142
1130,6.416127264499664,0.5682798447898704,0.6943436410750972,10
1140,44.01981884241104,0.5654448301974317,0.7030551385449642,50
1150,10.33963692188263,0.5626239588265294,0.7092526415369397,14
1160,97.04027879238129,0.5598171601199543,0.6963998046920108,105
1170,42.95136499404907,0.557024363872492,0.703634215641716,47
1180,81.04728662967682,0.5542455002291646,0.7039718106363684,86
1190,103.68415331840515,0.5514804996834843,0.7056228839652413,112
1200,38.48218113183975,0.548729293075715,0.7083023933265572,43
1210,21.082670748233795,0.5459918115911422,0.7150009933123292,25
1220,12.73916506767273,0.5432679867583519,0.7200500869038258,17
1230,104.71431165933609,0.5405577504475175,0.7286541946615867,111
1240,280.925179541111,0.537861034868697,0.733629949195241,288
1250,107.40365445613861,0.5351777725701358,0.7361760263010219,112
1260,218.83981305360794,0.5325078964365801,0.741405242797419,227
1270,108.12803536653519,0.5298513396875991,0.7423018321117024,114
1280,117.4167452454567,0.5272080358759129,0.7210501318341221,124
1290,58.744449734687805,0.5245779188857322,0.7076932613989245,63
1300,309.5265700817108,0.5219609229311034,0.7107137462252129,318
1310,103.81355184316635,0.5193569825542639,0.702381026903246,109
1320,133.1863688826561,0.5167660326240043,0.7029029817269742,142
1330,181.51780796051025,0.5141880083340395,0.7028932808643085,191
1340,151.58274739980698,0.511622845201388,0.677703038155438,158
1350,148.18058997392654,0.5090704790647583,0.6845152080942316,155
1360,169.1445934176445,0.5065308460829445,0.6798167426045477,179
1370,27.821716904640198,0.50400388273323,0.6835933223393091,32
1380,291.5955380797386,0.5014895258097978,0.6846386262769666,299
1390,27.154142022132874,0.49898771242214973,0.683731875804297,31
1400,131.41126143932343,0.49649837999353363,0.6858625982917571,138
1410,116.15940833091736,0.49402146625937815,0.687101428550654,126
1420,48.01024603843689,0.49155690926573503,0.6908349467317288,53
1430,154.89731842279434,0.48910464736773,0.6911440934299695,159
1440,109.75161772966385,0.4866646192280205,0.6971462122266483,114
1450,269.6089872121811,0.4842367638152614,0.6977986893693587,277
1460,15.145236015319824,0.48182102040257857,0.698990973796898,19
1470,92.35391020774841,0.4794173285660503,0.7009883193767228,98
1480,78.72177445888519,0.4770256281831953,0.7016923325835169,83
1490,109.17816454172134,0.47464585943146953,0.7026822185627222,116
1500,25.049806475639343,0.4722779627867691,0.702870372391571,30
1510,94.58090382814407,0.4699218790219424,0.7020890832835409,100
1520,65.3144503235817,0.4675775492053078,0.7063983284773834,70
1530,187.46536684036255,0.46524491469918006,0.7037206262699565,197
1540,173.99166280031204,0.4629239171584037,0.7081349344607224,180
1550,46.23471873998642,0.46061449852889347,0.7095290455259453,52
1560,14.184684455394745,0.4583166010461821,0.7109026496188257,18
1570,23.730640053749084,0.45603016723397605,0.7039051772437034,29
1580,13.165272116661072,0.4537551399027171,0.7078935668406457,17
1590,430.4502344727516,0.45149146214815256,0.7152850969805954,437
1600,176.1284492611885,0.44923907734991153,0.71254700593889,185
1610,8.340822219848633,0.4469979291700889,0.7120790091744124,12
1620,320.68906515836716,0.44476796155183623,0.7195254999572377,328
1630,407.1732009649277,0.4425491187179594,0.7226126961595501,419
1640,178.59508228302002,0.4403413451695236,0.7256508730767117,187
1650,94.40454697608948,0.4381445856844652,0.7297448052110689,103
1660,7.407883822917938,0.43595878531621046,0.7372051112197419,11
1670,189.55330926179886,0.4337838893923013,0.7348330336890811,198
1680,76.23569935560226,0.43161984351302723,0.7264767418679777,83
1690,133.36901777982712,0.4294665935500658,0.727149786064122,141
1700,117.50140941143036,0.4273240856451275,0.7305147695840035,123
1710,57.66573905944824,0.42519226620860967,0.7350850923401958,63
1720,40.94689327478409,0.423071081918255,0.7299517606377631,46
1730,95.21181184053421,0.4209604797178188,0.7340684005099272,101
1740,23.339521884918213,0.4188604068157413,0.7365944854769068,28
1750,94.68466705083847,0.41677081068382765,0.7392596867557146,101
1760,39.01825487613678,0.4146916390559336,0.7421691345777335,43
1770,42.476560831069946,0.41262283992665844,0.7457305352475876,47
1780,57.600921511650085,0.4105643615500444,0.750524027507718,63
1790,213.59633618593216,0.4085161524382818,0.7573560597888931,218
1800,259.57109183073044,0.406478161360422,0.7601276026393936,268
1810,227.42575979232788,0.40445033734109476,0.7527090426348071,240
1820,223.26651692390442,0.4024326296592347,0.7532303856486231,232
1830,21.455485701560974,0.4004249878468118,0.7593743058871024,26
1840,200.14434695243835,0.39842736168756887,0.7604484607025891,208
1850,257.60506814718246,0.396439701215766,0.7633833536285696,266
1860,182.63301521539688,0.3944619567149307,0.7689551799562979,188
1870,208.71405881643295,0.3924940787166141,0.7737307680055879,220
1880,99.97631001472473,0.39053601799915405,0.7729737377889326,107
1890,47.16819757223129,0.3885877255864434,0.7743995064186867,52
1900,309.1329442858696,0.3866491527467055,0.7769879205671988,322
1910,427.82993787527084,0.384720250991275,0.7802110038350294,438
1920,497.2704067826271,0.3828009720733851,0.7751476537648871,508
1930,84.16721147298813,0.3808912679869608,0.7763812573860902,90
1940,170.94174551963806,0.3789910909654182,0.7832005651353826,180
1950,201.3422390818596,0.3771003934804696,0.7845384709347177,208
1960,208.51202976703644,0.3752191282409347,0.7877123526585053,219
1970,156.61169946193695,0.3733472481915578,0.7873274545978102,163
1980,215.16761076450348,0.37148470651183096,0.7887611892132773,223
1990,112.56354403495789,0.36963145661482244,0.787957004486657,123
2000,322.31819182634354,0.3677874521460121,0.7911766101857409,331
2010,29.314173817634583,0.3659526469821314,0.7924320358307506,34
2020,166.50477975606918,0.36412699523001,0.7931810854743157,176
2030,75.45903760194778,0.36231045122542793,0.7939198651068528,80
2040,185.2040942311287,0.3605029695319729,0.7937721851134236,193
2050,924.488124370575,0.3587045049399047,0.802606130450293,936
2060,345.3820655345917,0.35691501246502344,0.8068395675020673,353
2070,195.3196281194687,0.3551344473475453,0.8093123898097578,205
2080,198.57462584972382,0.3533627650509821,0.8137785447242023,205
2090,774.1823719143867,0.3515999212610278,0.8146735400824006,784
2100,48.983021557331085,0.34984587188445015,0.8182775238469177,54
2110,237.90343099832535,0.34810057304798775,0.8204471219160415,250
2120,286.74284130334854,0.3463639810972523,0.8216136738142407,294
2130,219.4365782737732,0.3446360525956371,0.8137567581381596,227
2140,90.09190934896469,0.3429167443232307,0.8144740427398748,96
2150,74.32467418909073,0.34120601327573535,0.817614639204555,79
2160,224.5951914191246,0.3395038166633917,0.8194605972916035,235
2170,5.6430583000183105,0.3378101119099084,0.8219195875172908,10
2180,166.47891455888748,0.33612485665139746,0.8245931135595335,175
2190,49.664872229099274,0.3344480087353141,0.8274844053534396,55
2200,24.082664251327515,0.3327795262194029,0.831543715248027,28
2210,354.23318457603455,0.33111936737064823,0.8371118123276204,360
2220,148.88931894302368,0.3294674906642309,0.8383318196271435,156
2230,137.91082686185837,0.3278238547824892,0.8388039354624461,142
2240,290.5853289961815,0.3261884186138854,0.8405282197052815,298
2250,56.82876467704773,0.3245611412519779,0.8426345458666619,62
2260,34.209842920303345,0.3229419819943975,0.8435038275882609,39
2270,200.26762849092484,0.3213309003418295,0.8448295532308868,206
2280,15.912590146064758,0.31972785599700076,0.8469571280010322,20
2290,345.90378695726395,0.3181328088636719,0.8537408993561214,352
2300,216.0771376490593,0.31654571904563433,0.8553231246124715,223
2310,89.7664720416069,0.31496654684571196,0.8541814601806947,98
2320,99.11382061243057,0.3133952527647689,0.8462335112652188,103
2330,24.332870066165924,0.3118317975007209,0.8459264130795578,29
2340,43.59706526994705,0.3102761419475527,0.8467144976198007,49
2350,464.5796477794647,0.30872824719433983,0.8494784414911248,471
2360,94.32315945625305,0.3071880745242752,0.8483874071973105,100
2370,958.9218252897263,0.3056555854137008,0.8519882538742629,970
2380,18.190146803855896,0.30413074153114394,0.8520988490293494,22
2390,111.81817716360092,0.30261350473635873,0.856221223805762,119
2400,311.2802078127861,0.3011038370793723,0.8615486695146737,318
2410,574.5461204648018,0.2996017007995348,0.8650247721115122,581
2420,170.41041105985641,0.29810705832457574,0.8510568971459603,181
2430,33.05548119544983,0.2966198722696636,0.8511290516298073,38
2440,147.954164147377,0.29514010543647123,0.8522194793938791,156
2450,26.753904938697815,0.29366772081224507,0.8543387813548396,31
2460,289.58314967155457,0.2922026815688794,0.8555341463637244,297
2470,953.9553938508034,0.2907449510619955,0.8580442905318187,959
2480,78.07272684574127,0.2892944928300246,0.8594374311312724,86
2490,668.0074511170387,0.28785127059329624,0.8605146813976873,674
2500,443.3716282248497,0.28641524825313086,0.8606333584766551,449
2510,179.00498580932617,0.28498638989093644,0.8641464586334761,186
2520,386.09974151849747,0.2835646597673106,0.8668813136590959,394
2530,327.71798849105835,0.2821500223211463,0.8662600504161102,333
2540,-0.5176316499710083,0.28074244216874245,0.867900991839508,3
2550,421.60084795951843,0.2793418841029192,0.8683637673468576,429
2560,14.697137475013733,0.27794831309213686,0.8685574525948894,19
2570,100.14456993341446,0.2765616942796198,0.8691615007681324,109
2580,112.05151164531708,0.27518199298248475,0.8709904072256215,121
2590,268.2268023490906,0.2738091746908731,0.8709158981511217,273
2600,7.602869987487793,0.27244320506708813,0.8750822275675094,12
2610,997.8015246987343,0.27108404994473545,0.8759654489483963,1000
2620,452.88388085365295,0.2697316753278689,0.8785707596417807,461
2630,107.07368683815002,0.2683860473901401,0.8791138413190706,114
2640,932.3227398395538,0.26704713247395234,0.8813876864879009,942
2650,333.58026027679443,0.26571489708961893,0.8821900508345455,343
2660,351.4743065237999,0.2643893079145252,0.8834790843988215,357
2670,402.42405837774277,0.2630703317922951,0.8857940409330856,410
2680,216.93419939279556,0.2617579357319621,0.8879868133682999,226
2690,45.92709439992905,0.260452086907144,0.8886433801057139,51
2700,997.3542180657387,0.25915275265522114,0.8902465886152683,1000
2710,40.80912518501282,0.2578599004765206,0.891664605092992,46
2720,252.50551933050156,0.2565734980335023,0.8917405248856045,258
2730,184.1776053905487,0.2552935131499509,0.8924623890985157,194
2740,217.37192398309708,0.25401991381017025,0.8929860410143784,224
2750,125.34856289625168,0.2527526681581832,0.8944129783436101,130
2760,375.1488966345787,0.25149174449693457,0.8965466304592846,381
2770,27.93667495250702,0.25023711128749826,0.8967351753942208,32
2780,23.048455476760864,0.2489887371482886,0.8992640192984328,27
2790,997.177812576294,0.24774659085427517,0.9015243079526377,1000
2800,18.508531272411346,0.24651064133620196,0.902121732441253,23
2810,80.22522902488708,0.24528085767981,0.9050146862280172,86
2820,250.05912923812866,0.24405720912506448,0.9050107401056238,256
2830,316.03273409605026,0.24283966506538518,0.906769408986562,321
2840,994.6095817089081,0.2416281950468808,0.9084205549771919,1000
2850,372.42029941082,0.2404227687675873,0.9005334558270254,378
2860,170.34728980064392,0.23922335607671028,0.9011264268965505,180
2870,245.0349177122116,0.23802992697387032,0.9006890155985928,250
2880,497.9167366027832,0.23684245160835285,0.9039623787165669,505
2890,354.1629266142845,0.23566090027836173,0.9048961821437187,360
2900,65.06077444553375,0.23448524343027585,0.9047935922481973,71
2910,74.32233905792236,0.23331545165791032,0.9055050384208835,81
2920,981.4720728993416,0.23215149570178067,0.9068708388684618,991
2930,156.64711290597916,0.23099334644837125,0.9062932097596585,167
2940,452.69219332933426,0.22984097492940683,0.9101042517745694,462
2950,591.7604737877846,0.2286943523211281,0.9118766981232078,601
2960,287.3893241882324,0.22755344994357077,0.9140942079710693,293
2970,330.30212277173996,0.22641823925984803,0.9210295532697369,335
2980,503.323749601841,0.22528869187543696,0.9206838458470321,508
2990,746.9731916189194,0.22416477953746822,0.9153949923499537,755
3000,369.39268243312836,0.22304647413401948,0.9018680600992657,376
3010,211.485677421093,0.2219337476934121,0.9027039908956951,220
3020,311.1063735485077,0.22082657238351158,0.9063550381784132,320
3030,206.3608347773552,0.21972492051103149,0.899990600896492,211
3040,418.2909744977951,0.21862876452084054,0.9002880962805023,425
3050,70.78930449485779,0.21753807699527364,0.9011530126716999,77
3060,11.342775881290436,0.21645283065344587,0.899944782897009,15
3070,994.4266495108604,0.21537299835057042,0.9013173192882014,1000
3080,341.65769279003143,0.2142985530772792,0.9027763175178457,352
3090,55.87089514732361,0.21322946795894776,0.9028827450497542,62
3100,14.01771742105484,0.21216571625502262,0.904211634567782,18
3110,97.17621439695358,0.21110727135835275,0.9050927248738531,104
3120,565.378997862339,0.21005410679452396,0.9070430217146321,572
3130,996.5345924496651,0.2090061962211966,0.9077707103479444,1000
3140,150.99268370866776,0.20796351342744684,0.9094466854320536,156
3150,329.9529662132263,0.20692603233311097,0.9090490363465497,334
3160,868.2960574626923,0.20589372698813307,0.9102494151197178,878
3170,32.07124239206314,0.20486657157191598,0.9107890349699492,37
3180,998.5020865797997,0.20384454039267538,0.9120806766738893,1000
3190,168.14432948827744,0.20282760788679727,0.9122118971184503,177
3200,420.6880762577057,0.2018157486181985,0.9136130338921559,426
3210,592.8446596860886,0.20080893727769064,0.9155565096836554,597
3220,196.94971483945847,0.19980714868234667,0.9159170267074249,203
3230,134.79681611061096,0.19881035777487138,0.9144110314205676,144
3240,784.9823613762856,0.1978185396229746,0.9161995115943093,792
3250,33.44573354721069,0.19683166941874727,0.9179298617048016,38
3260,502.3405876159668,0.19584972247804144,0.919169997727057,515
3270,592.1265116333961,0.19487267423985233,0.9210128315617208,599
3280,566.1953511834145,0.19390050026570443,0.9220717281817387,571
3290,356.34337109327316,0.19293317623903994,0.9135733921299521,366
3300,853.3994718790054,0.1919706779646106,0.9141689366185114,862
3310,185.11202985048294,0.1910129813678727,0.914937199688101,194
3320,41.55894482135773,0.19006006249438467,0.9136362315475373,46
3330,289.25181663036346,0.18911189750920804,0.9161214632587215,295
3340,462.4772026538849,0.1881684626963112,0.9165890525325996,476
3350,515.2257961034775,0.18722973445797636,0.9185958743487762,521
3360,316.7444189786911,0.18629568931420912,0.9182655505764108,321
3370,164.99723213911057,0.18536630390215128,0.9188162437556129,170
3380,932.026210308075,0.1844415549754964,0.9202799950878027,939
3390,6.257432281970978,0.1835214194039085,0.9195497220129759,10
3400,11.998767733573914,0.1826058741724434,0.9196326897009944,16
3410,918.1100502610207,0.1816948963809729,0.9205858717204255,926
3420,993.5164300203323,0.1807884632436123,0.9239924159983998,1000
3430,788.1524142026901,0.17988655208815033,0.9241429925191615,794
3440,436.93302500247955,0.17898914035548197,0.9274102705866616,441
3450,287.7750411629677,0.17809620559904438,0.9290268974950043,299
3460,189.76790010929108,0.17720772548425529,0.9299381775151384,198
3470,28.937560081481934,0.17632367778795438,0.9292039469489788,33
3480,222.6716297864914,0.17544404039784753,0.9324764917644044,229
3490,207.1080139875412,0.1745687913119536,0.933107643010932,213
3500,545.4005428552628,0.17369790863805412,0.9328391775797329,554
3510,418.76944357156754,0.17283137059314588,0.9339633384358256,426
3520,998.1453764438629,0.1719691555028959,0.9356214834286787,1000
3530,241.4385974407196,0.17111124180109932,0.936201311993384,253
3540,610.9730027318001,0.17025760802914003,0.9361789661977631,616
3550,241.71458387374878,0.1694082328354539,0.936504438276086,247
3560,288.1455787420273,0.16856309497499475,0.9365239931409322,295
3570,359.1788719892502,0.16772217330870298,0.9366572355523625,366
3580,600.9016262888908,0.16688544680297668,0.937974403589812,606
3590,293.82490253448486,0.1660528945291458,0.9379055664575112,301
3600,630.0017498731613,0.1652244956629483,0.9394339489113361,639
3610,699.3379290699959,0.16440022948400973,0.9397085245467807,705
3620,317.1173645853996,0.16358007537532446,0.9404606022207963,324
3630,239.7902314066887,0.16276401282274042,0.9422406293945789,246
3640,578.4277557134628,0.16195202141444587,0.9419395805459702,584
3650,474.3874001502991,0.1611440808404587,0.9432564751901708,481
3660,394.94777995347977,0.16034017089211844,0.9436964498157927,400
3670,987.1103782057762,0.15954027146158112,0.9447037517646758,1000
3680,37.577285289764404,0.15874436254131588,0.9432167001957171,43
3690,833.6574741005898,0.15795242422360478,0.944043910593354,843
3700,171.10626488924026,0.1571644367000449,0.9443689091452504,178
3710,668.3442709445953,0.15638038026105264,0.9457153337655557,676
3720,558.9937924146652,0.15560023529537093,0.9454376549123266,571
3730,414.54214614629745,0.15482398228957872,0.9460647171223852,424
3740,518.0852928161621,0.15405160182760275,0.9463127820091976,523
3750,351.04293662309647,0.15328307459023202,0.946580407484687,361
3760,15.586056232452393,0.15251838135463458,0.9466676098249729,20
3770,740.3899971246719,0.1517575029938766,0.9469877849665153,751
3780,64.75860291719437,0.15100042047644407,0.944768286968582,70
3790,21.313828468322754,0.15024711486576664,0.9446400823136102,25
3800,57.65826368331909,0.1494975673197442,0.9437983360879447,64
3810,306.1172858476639,0.14875175909027535,0.9481188262723754,314
3820,13.399430513381958,0.1480096715227886,0.9483173864682087,17
3830,98.60520404577255,0.14727128605577575,0.9481282704472561,104
3840,793.6015002727509,0.14653658422032764,0.9495648308620125,804
3850,567.3166690468788,0.1458055476396719,0.9499295691034453,575
3860,284.49711686372757,0.14507815802871388,0.9514728119850405,293
3870,260.24883395433426,0.14435439719357882,0.9516916982566097,273
3880,49.6618909239769,0.143634247031157,0.9525419340395934,54
3890,894.2960616350174,0.14291768952865075,0.9534866864572601,902
3900,586.5111709833145,0.1422047067631241,0.9537132788938762,595
3910,975.2554680109024,0.14149528090105437,0.9544842628264568,985
3920,39.684521555900574,0.14078939419788608,0.9546559842344308,45
3930,108.67071169614792,0.14008702899758732,0.9544492540901041,117
3940,75.68259352445602,0.1393881677322078,0.9535729531276942,82
3950,280.6230150461197,0.13869279292143966,0.9545071541814063,289
3960,544.4424524307251,0.13800088717218023,0.9547148946476595,553
3970,997.2017129063606,0.13731243317809697,0.9466714389822155,1000
3980,421.76773846149445,0.13662741371919443,0.9462815273663517,429
3990,280.78561586141586,0.1359458116613838,0.9472074109607989,286
4000,355.2812269330025,0.13526760995605422,0.9463875184369717,361
4010,720.9701215028763,0.13459279163964621,0.9468060191754076,730
4020,274.21734923124313,0.13392133983322763,0.9479420982711432,283
4030,742.2360697388649,0.13325323774207126,0.9488932569458963,750
4040,285.1519828438759,0.13258846865523494,0.9491634285219696,292
4050,560.3125115633011,0.1319270159451434,0.9502427289292295,567
4060,246.06532967090607,0.1312688630671724,0.9499313168447453,255
4070,8.388178527355194,0.13061399355923506,0.9491421678113174,12
4080,998.3811445832253,0.1299623910413699,0.9499084579148301,1000
4090,264.7722206711769,0.12931403921533124,0.9502041771407963,271
4100,580.5361743569374,0.12866892186418147,0.9495105626324202,589
4110,18.43375813961029,0.12802702285188555,0.9492241638421227,22
4120,468.8047354221344,0.1273883261229073,0.9497475245019719,474
4130,520.386273264885,0.1267528157018078,0.9508748521376056,531
4140,780.3057001829147,0.12612047569284585,0.9520680072423252,788
4150,370.70716643333435,0.12549129027958048,0.9523252001240645,377
4160,219.96468794345856,0.12486524372447504,0.9516688283354978,229
4170,848.6001723408699,0.12424232036850384,0.9532926175786915,852
4180,160.82365942001343,0.12362250463076045,0.9525966539897606,168
4190,445.03985661268234,0.12300578100806783,0.9525799190071328,455
4200,610.7036392688751,0.12239213407459068,0.9533215687902322,615
4210,679.4851416349411,0.12178154848144954,0.9539671534408548,688
4220,149.91479605436325,0.12117400895633698,0.9532435444373224,156
4230,180.812360227108,0.12056950030313546,0.9527348846094459,188
4240,998.8491633534431,0.11996800740153726,0.9536539814940898,1000
4250,511.4434959292412,0.11936951520666646,0.9537314185603506,520
4260,51.48680579662323,0.11877400874870231,0.9536739364244011,57
4270,183.90027272701263,0.11818147313250514,0.9537148358795376,193
4280,495.52239376306534,0.11759189353724353,0.9528531328730188,501
4290,269.85246109962463,0.11700525521602372,0.9526591367979391,279
4300,901.8408625125885,0.1164215434955208,0.9540232042917084,912
4310,455.5277414917946,0.11584074377561153,0.9560923534719249,464
4320,189.9251669049263,0.11526284152900934,0.9562684332233343,197
4330,376.8245114684105,0.11468782230090087,0.9557751638005844,385
4340,13.74492734670639,0.11411567170858433,0.9544616929956014,18
4350,63.65255808830261,0.11354637544110997,0.9553564738927703,69
4360,435.0892236828804,0.11297991925892198,0.9552330076768479,443
4370,563.28770840168,0.11241628899350227,0.9554669634768718,576
4380,50.92939734458923,0.11185547054701624,0.9547134858336679,56
4390,533.8168879151344,0.11129744989196003,0.9547155166430331,542
4400,375.1913626194,0.11074221307080971,0.9552336629707114,383
4410,236.4307086467743,0.11018974619567216,0.9463837101827081,244
4420,562.9646327495575,0.10964003544793775,0.9460980780381151,571
4430,289.20678573846817,0.10909306707793455,0.9456879563793574,300
4440,808.7644752860069,0.10854882740458453,0.9462058006538785,818
4450,591.099106490612,0.1080073028150614,0.9468994862163538,597
4460,528.807011961937,0.10746847976445004,0.9475142547806039,538
4470,36.4349085688591,0.10693234477540765,0.9461996122969056,41
4480,179.11212944984436,0.10639888443782686,0.9460595446642311,183
4490,417.1575961112976,0.10586808540850008,0.9464948026033244,431
4500,309.0481251478195,0.10533993441078586,0.9469709135112617,317
4510,378.0412910580635,0.10481441823427687,0.9461484141571895,390
4520,668.4053112864494,0.10429152373446929,0.947027419082882,676
4530,481.3174018263817,0.10377123783243417,0.9471200116773448,489
4540,267.1602485179901,0.10325354751449027,0.9476836758098258,277
4550,763.0440308451653,0.10273843983187857,0.948404389883353,771
4560,997.6570277810097,0.10222590190043837,0.94884299012137,1000
4570,300.38112342357635,0.101715920900285,0.9489464520407775,307
4580,331.0699976682663,0.10120848407548916,0.9490189083086978,337
4590,998.0317078232765,0.10070357873375792,0.9492394572620144,1000
4600,535.1326178312302,0.1002011922461172,0.9503047165921596,545
4610,149.2209571003914,0.09970131204659592,0.9513778294104638,156
4620,162.12633579969406,0.09920392563191162,0.9517855661475682,168
4630,142.90236675739288,0.09870902056115784,0.9506216656365025,150
4640,488.5602983236313,0.09821658445549289,0.9511788406826945,499
4650,299.13359332084656,0.09772660499783015,0.9516766030656221,309
4660,710.7331821322441,0.09723906993253009,0.9529484878146748,717
4670,234.3344400525093,0.09675396706509369,0.9530384987020031,244
4680,997.8228400349617,0.09627128426185741,0.9538104034693785,1000
4690,204.9540013074875,0.09579100944968968,0.9544369518899039,209
4700,184.61377584934235,0.09531313061568897,0.9535946165740924,194
4710,135.69764912128448,0.0948376358068833,0.9540274609920816,141
4720,998.2744534015656,0.09436451312993124,0.9553067027145246,1000
4730,210.04365247488022,0.09389375075082444,0.9551774057247945,222
4740,485.27117758989334,0.09342533689459166,0.9555896108595019,492
4750,266.57585299015045,0.09295925984500425,0.9560990312956477,276
4760,310.74947130680084,0.09249550794428299,0.9572525889386534,315
4770,340.80511623620987,0.09203406959280665,0.924536133466142,347
4780,341.9272938966751,0.09157493324882177,0.9250788522591723,349
4790,73.57656222581863,0.09111808742815397,0.9242608752721597,79
4800,606.6250205039978,0.09066352070392071,0.924012451283414,617
4810,997.5167568922043,0.0902112217062455,0.9253226642338173,1000
4820,996.6451501250267,0.08976117912197351,0.9265248303454401,1000
4830,887.6100986599922,0.08931338169438854,0.9278745585318758,894
4840,999.261480152607,0.08886781822293152,0.9272490917350414,1000
4850,744.3825793266296,0.08842447756292034,0.9269891739527765,754
4860,55.935938358306885,0.08798334862527107,0.9272901963619831,60
4870,998.8633835315704,0.08754442037622066,0.9280164707252813,1000
4880,778.0107595920563,0.08710768183705088,0.9281601452423919,787
4890,593.584312915802,0.08667312208381374,0.9272918528123337,603
4900,998.4327632784843,0.08624073024705824,0.9269873717770657,1000
4910,194.90316408872604,0.08581049551155855,0.926228200392515,205
4920,998.8464339971542,0.08538240711604346,0.9275795844790317,1000
4930,353.5933789610863,0.08495645435292722,0.9280793832408771,363
4940,265.8058629631996,0.08453262656804164,0.9271944756425682,278
4950,333.5072635412216,0.0841109131603698,0.9283305021890588,342
4960,621.5293001532555,0.08369130358178066,0.9281725174948307,628
4970,810.8769713640213,0.08327378733676535,0.9276083014351093,822
4980,497.7550758123398,0.0828583539821746,0.9283109511589123,509
4990,388.83951395750046,0.08244499312695763,0.927875209300462,395
5000,131.67443573474884,0.0820336944319021,0.9271430211523677,138
5010,247.72418308258057,0.08162444760937562,0.9275592169506708,255
5020,305.9281424880028,0.08121724242306835,0.9279638041725827,313
5030,283.95882922410965,0.08081206868773702,0.928646024968804,293
5040,525.8417891860008,0.0804089162689501,0.9293630898201107,534
5050,516.0203774571419,0.0800077750828344,0.9290064186940716,524
5060,442.68433451652527,0.07960863509582279,0.9294477504043575,452
5070,998.9329450130463,0.07921148632440327,0.929720821017166,1000
5080,11.275834381580353,0.07881631883486917,0.9287119959089439,15
5090,14.279389917850494,0.07842312274307081,0.9289228675246592,18
5100,208.67501866817474,0.07803188821416818,0.9290849085624113,216
5110,297.5866105556488,0.077642605462385,0.9295046264292076,309
5120,403.20203536748886,0.07725526475076394,0.929631141980572,410
5130,200.6971732378006,0.07686985639092299,0.9299435201057634,206
5140,707.410062789917,0.0764863707428133,0.932047028906229,718
5150,680.8165213465691,0.07610479821447784,0.9331366098401558,690
5160,996.5740894079208,0.07572512926181171,0.9327763580770669,1000
5170,778.6796671748161,0.07534735438832324,0.9329860281580892,783
5180,864.8914973139763,0.07497146414489657,0.9353156730783669,876
5190,372.4651905298233,0.07459744912955518,0.9341498344080885,377
5200,181.2402839064598,0.07422529998722693,0.9334887851617168,186
5210,364.0466605424881,0.07385500740950983,0.9329462124940756,373
5220,216.76322263479233,0.07348656213443931,0.9333226078885599,221
5230,172.35101288557053,0.07311995494625667,0.9323897680526027,184
5240,7.396001696586609,0.07275517667517836,0.9323634363083164,11
5250,994.899422287941,0.07239221819716682,0.9335434534455086,1000
5260,996.9349095225334,0.07203107043370206,0.935107130891472,1000
5270,12.96602976322174,0.07167172435155475,0.9356224342842198,17
5280,998.401399731636,0.07131417096256022,0.9365423543775906,1000
5290,272.3128244280815,0.07095840132339368,0.9366262942617885,279
5300,999.4470329284668,0.0706044065353464,0.9366175541919701,1000
5310,998.4327349662781,0.07025217774410328,0.9374563979045302,1000
5320,997.6494561433792,0.06990170613952128,0.9386819331918668,1000
5330,998.3450793623924,0.06955298295540908,0.938415677856131,1000
5340,999.1919142603874,0.06920599946930793,0.9380563694866111,1000
5350,214.28410303592682,0.06886074700227324,0.9372522220515586,220
5360,996.1256157755852,0.06851721691865771,0.9371971576281881,1000
5370,998.0127657651901,0.06817540062589529,0.938721813082623,1000
5380,209.05344903469086,0.06783528957428614,0.9382499616877076,218
5390,247.07335406541824,0.06749687525678288,0.9381345611712462,254
5400,55.818279504776,0.06716014920877787,0.9374293538072964,60
5410,996.9530775547028,0.06682510300789134,0.9372317718894073,1000
5420,998.8121494650841,0.06649172827376076,0.9384788940404291,1000
5430,270.07440853118896,0.06616001666783133,0.9386799067556361,281
5440,997.8483372330666,0.0658299598931473,0.9391288068669906,1000
5450,154.0481380224228,0.06550154969414453,0.9385911878682637,159
5460,520.19076192379,0.06517477785644382,0.9381632103724676,524
5470,12.756523370742798,0.06484963620664574,0.9371301312501665,17
5480,999.7165895104408,0.06452611661212594,0.9381040899421882,1000
5490,405.8842934370041,0.06420421098083187,0.938818244034792,415
5500,430.41019850969315,0.06388391126108031,0.9393955886309651,438
5510,199.8759441971779,0.06356520944135592,0.9381756205782527,208
5520,997.5862159729004,0.06324809755011104,0.9387456449654733,1000
5530,196.98032146692276,0.06293256765556615,0.9384353257722682,208
5540,476.0646180510521,0.06261861186551146,0.9383060678481897,488
5550,376.57670772075653,0.06230622232710963,0.9384671654392505,383
5560,283.245165348053,0.06199539122669923,0.9385196950690927,287
5570,557.1103078722954,0.061686110789599395,0.9387364816352967,567
5580,212.7928119301796,0.061378373279915306,0.9387578885166419,223
5590,338.45232486724854,0.06107217100034467,0.9384984293321178,349
5600,446.62734228372574,0.06076749629198526,0.937675173131668,451
5610,490.04943495988846,0.060464341534143304,0.9376050568707586,496
5620,507.14464181661606,0.06016269914414288,0.9371039153558234,516
5630,494.4848806858063,0.059862561577136236,0.9366129338950402,503
5640,604.3815768361092,0.059563921325915134,0.936420905190985,612
5650,242.42019802331924,0.059266770920723,0.9365671482620604,247
5660,313.91547298431396,0.058971102929068125,0.9370314233123063,318
5670,217.62253034114838,0.05867690995553775,0.9365721204552235,227
5680,163.47931802272797,0.05838418464161312,0.936172226451946,172
5690,9.133868873119354,0.05809291966548537,0.9350501608455771,13
5700,372.97550892829895,0.05780310774187243,0.9351331412927664,381
5710,913.3756811022758,0.0575147416218368,0.935978580536421,922
5720,237.53018999099731,0.0572278140926042,0.9369560180954724,246
5730,993.9069343805313,0.0569423179773832,0.9369517300739946,1000
5740,330.70561003685,0.05665824613518571,0.9366015016578944,341
5750,99.18536645174026,0.05637559146064833,0.9368945690598379,105
5760,776.4371758699417,0.05609434688385467,0.9374742131636579,780
5770,957.8481786251068,0.05581450537015847,0.9382915150510402,967
5780,146.3675787448883,0.055536059920007666,0.9383139190465573,157
5790,634.1613335609436,0.05525900356876933,0.9388724261757548,640
5800,996.3571170568466,0.05498332938655545,0.9402565561696347,1000
5810,893.4984784126282,0.054709030478049585,0.9419522905499718,903
5820,699.7225801944733,0.05443609998233441,0.9424157297075921,708
5830,218.46879267692566,0.05416453107272011,0.9413447972491645,224
5840,490.442086994648,0.05389431695657363,0.9422805666991664,496
5850,136.86685568094254,0.053625450875148736,0.9433600674875081,143
5860,195.2310327887535,0.05335792610341702,0.9430672469904948,201
5870,998.0812649726868,0.05309173594989965,0.9426157234455345,1000
5880,388.2634735107422,0.052826873756500005,0.9428171709930772,397
5890,966.1266266703606,0.05256333289833713,0.9431565246372879,982
5900,466.3173618912697,0.05230110678358006,0.9342571982548024,473
5910,233.68462657928467,0.052040188853282945,0.9345201984963873,238
5920,148.03090316057205,0.051780572581220936,0.9336983794876502,154
5930,743.0236166119576,0.05152225147372702,0.9337212821255814,752
5940,77.30446791648865,0.05126521906952955,0.9344953290078377,83
5950,176.5552642941475,0.05100946893959062,0.9346159931946696,182
5960,334.02410197257996,0.05075499468694533,0.9353589469334188,338
5970,998.5555806159973,0.0505017899465417,0.9338912901933616,1000
5980,786.3990699648857,0.0502498483850815,0.9350129752632983,797
5990,997.5480644702911,0.04999916370086185,0.9357359643446749,1000
6000,408.5081848502159,0.04974972962361759,0.9356278712733276,415
6010,885.8446002602577,0.049501539914364415,0.9358555320969917,895
6020,999.2302070260048,0.04925458836524288,0.9366284501734671,1000
6030,997.2147673368454,0.04900886879936305,0.9367476949918832,1000
6040,384.7734897136688,0.04876437507065009,0.9366606563081977,391
6050,459.1468856334686,0.04852110106369042,0.9385259718826843,475
6060,237.0827596783638,0.04827904069357889,0.9388266499183409,246
6070,22.726837396621704,0.0480381879057665,0.9385694284604755,27
6080,998.5043979287148,0.04779853667590893,0.9388323867020819,1000
6090,66.23894131183624,0.04756008100971595,0.9390438556942285,71
6100,892.4203441739082,0.04732281494280139,0.9395488000884958,896
6110,348.7079696059227,0.04708673254053404,0.9403434462896322,354
6120,482.4669976234436,0.04685182789788913,0.9395031847143541,493
6130,998.0522770285606,0.04661809513930071,0.9400632016437196,1000
6140,998.9630041122437,0.04638552841851463,0.9401886224977326,1000
6150,998.998378098011,0.0461541219184423,0.9406145652431492,1000
6160,554.4796205163002,0.04592386985101527,0.9410739135605701,561
6170,564.3034691214561,0.04569476645704038,0.941028978583078,573
6180,214.25610673427582,0.04546680600605574,0.9400865164922219,224
6190,165.46298390626907,0.04523998279618736,0.9386963492300135,173
6200,722.500130712986,0.04501429115400657,0.9382405693599659,729
6210,867.0752620697021,0.04478972543438813,0.9374708112026743,881
6220,58.91983962059021,0.044566280020368984,0.9372018500144443,66
6230,994.1982280611992,0.044343949323007774,0.9376999846027201,1000
6240,998.9580537676811,0.04412272778124506,0.9305959193293724,1000
6250,310.0783004760742,0.043902609861764245,0.9305109639373433,321
6260,996.7388471961021,0.043683590058853125,0.931757297906592,1000
6270,650.7477513551712,0.04346566289426619,0.9324651841434387,657
6280,270.16453790664673,0.04324882291708765,0.9327634407356418,276
6290,999.8573668599129,0.043033064703595005,0.9324845111023269,1000
6300,998.263254404068,0.04281838285712347,0.9327792633974342,1000
6310,476.3429071903229,0.04260477200793093,0.9331673250085251,480
6320,998.5484455823898,0.042392226813063656,0.9339141578941201,1000
6330,393.9875108599663,0.042180741956222664,0.9331970021789302,405
6340,22.218835830688477,0.041970312147630744,0.9336315062257543,27
6350,218.736352622509,0.04176093212390011,0.9326364989366048,228
6360,999.3216081261635,0.041552596647900834,0.9325275855590058,1000
6370,130.70216691493988,0.041345300508629744,0.9318531940535448,139
6380,10.855981230735779,0.04113903852108016,0.9306813973257514,15
6390,213.34743642807007,0.04093380552611219,0.9300196870257558,218
6400,444.4149979352951,0.04072959639032367,0.9298514337980566,453
6410,67.65267157554626,0.040526406005921785,0.9288110992184145,74
6420,132.8371735215187,0.04032422929059526,0.9273776279482209,140
6430,571.2650986909866,0.040123061187387316,0.9269784986668673,580
6440,501.1174817085266,0.039922896664569135,0.9268221196365793,509
6450,891.2207123041153,0.03972373071551401,0.9268119075619509,902
6460,828.9758669734001,0.03952555835857211,0.9272490813627702,837
6470,6.28754186630249,0.039328374636945884,0.9264360547264746,10
6480,999.6943116188049,0.0391321746185661,0.9265989726467982,1000
6490,271.65717685222626,0.03893695339596844,0.9273231571426691,278
6500,411.7852014899254,0.03874270608617077,0.9269547352192653,416
6510,339.4590220451355,0.038549427830551,0.9267446709609403,344
6520,124.44346225261688,0.038357113794725596,0.9261476483064542,132
6530,494.7004260420799,0.038165759168428605,0.9250561470738172,505
6540,997.0309497714043,0.03797535916539136,0.9253949850639145,1000
6550,996.7802253365517,0.037785909023222784,0.9263526427702785,1000
6560,990.4243569374084,0.03759740400329021,0.9272041819200787,1000
6570,927.8685757517815,0.03740983939060093,0.9277222113174423,938
6580,970.3825716376305,0.0372232104936842,0.9282181707757922,975
6590,398.2841132879257,0.037037512644473955,0.9288838847765902,406
6600,999.5529963970184,0.03685274119819199,0.9293100686906232,1000
6610,231.8650028705597,0.036668891533231815,0.9291683934342111,236
6620,326.7324940562248,0.03648595905104304,0.9287503212764212,336
6630,996.1773957014084,0.036303939176016375,0.9287076020845587,1000
6640,998.4602681398392,0.03612282735536917,0.9286570934003668,1000
6650,999.1047738790512,0.035942619059031504,0.9290648716554994,1000
6660,773.3957334160805,0.035763309779532966,0.928409644232384,782
6670,229.32925015687943,0.0355848950318898,0.9288208427007298,236
6680,282.02603882551193,0.035407370353492826,0.9281774168275257,287
6690,357.9933789372444,0.035230731303995746,0.9281977063528415,364
6700,382.96896517276764,0.03505497346520412,0.9280071960864129,394
6710,604.7548311948776,0.03488009244096483,0.928198673524591,611
6720,313.7925657629967,0.034706083857056126,0.9272745983563122,322
6730,220.69310241937637,0.03453294336107824,0.9269387264613367,228
6740,947.681779384613,0.0343606666223445,0.9276683135200355,959
6750,997.2929565310478,0.03418924933177301,0.928494891279361,1000
6760,997.3237104415894,0.03401868720177888,0.9290555586408499,1000
6770,995.9557595252991,0.03384897596616694,0.929647483884172,1000
6780,603.0983757972717,0.0336801113800251,0.9299327484678153,611
6790,998.3242517709732,0.03351208921961813,0.9310215168518654,1000
6800,998.1346227526665,0.03334490528228201,0.9308706353279631,1000
6810,322.99393981695175,0.03317855538631885,0.9301905976821574,332
6820,296.3123961687088,0.03301303537089224,0.9314408412148704,305
6830,998.6896157860756,0.032848341095923224,0.9308120021063245,1000
6840,239.15290594100952,0.03268446844198672,0.9306318852504993,243
6850,801.3959348797798,0.03252141331020847,0.9312698439759227,814
6860,683.5823590755463,0.032359171622162584,0.9315830023247109,692
6870,567.10985070467,0.03219773931976942,0.9323263651222743,578
6880,605.8068721294403,0.032037112365194194,0.9320972468336828,610
6890,996.3351959586143,0.0318772867407459,0.9324032822819043,1000
6900,693.8108909130096,0.03171825844877686,0.9312730662558909,698
6910,389.8062080144882,0.03156002351158272,0.9313733447589383,397
6920,450.95770078897476,0.031402577971302956,0.9318032337788602,455
6930,999.0617339015007,0.031245917889821877,0.9311539077298461,1000
6940,368.48180228471756,0.031090039348670134,0.9305714538676968,378
6950,609.9489262104034,0.030934938448926693,0.9304552224003686,620
6960,998.3049149513245,0.030780611311121326,0.9304295196361084,1000
6970,996.7807421684265,0.030627054075137567,0.9305799479954447,1000
6980,249.29816502332687,0.030474262900116168,0.9310172202043587,255
6990,253.4875369668007,0.03032223396435902,0.9315376835344615,260
7000,421.9055115580559,0.03017096346523357,0.9297536522066959,431
7010,995.6841673254967,0.030020447619077715,0.9296474370290594,1000
7020,846.7963520288467,0.029870682661105125,0.9299032809865119,856
7030,264.71460723876953,0.02972166484531113,0.9294391365727666,272
7040,477.44270622730255,0.029573390444378986,0.9292730898815847,482
7050,92.68874323368073,0.029425855749586668,0.9288628805112749,99
7060,997.9986315965652,0.029279057070714088,0.9291111480979681,1000
7070,255.88400983810425,0.02913299073595078,0.9285845300312836,262
7080,173.64956986904144,0.028987653091804094,0.9280093437224373,178
7090,593.0703986883163,0.02884304050300781,0.9283983769766209,604
7100,445.9117410182953,0.02869914935243117,0.9279762131226025,455
7110,329.27626556158066,0.02855597604098846,0.9283427046376755,335
7120,163.53083193302155,0.02841351698754893,0.9277540051680608,170
7130,308.9578387141228,0.028271768628847265,0.9273421926749813,316
7140,637.1327852010727,0.028130727419394437,0.9275152246536031,644
7150,0.36069774627685547,0.027990389831389025,0.9265772746604756,4
7160,667.4050197601318,0.027850752354629006,0.9278954952819412,678
7170,368.54014080762863,0.027711811496423905,0.928802361926806,377
7180,731.0816524624825,0.027573563781507465,0.9290472915139726,736
7190,906.994380235672,0.027436005751950713,0.9293320052694332,912
7200,260.09789460897446,0.027299133967075482,0.9298476175461695,266
7210,744.5196394920349,0.02716294500336832,0.9302686603753213,750
7220,315.491878926754,0.027027435454394903,0.9303128448453764,323
7230,506.3381233215332,0.026892601930714796,0.930825156349324,512
7240,998.5877890586853,0.02675844105979668,0.9309976775276809,1000
7250,245.63959217071533,0.026624949485934014,0.9308009262815299,250
7260,254.60107904672623,0.026492123870161075,0.9313766286143846,259
7270,996.1509023308754,0.02635996089016946,0.931191605244896,1000
7280,701.3655911684036,0.02622845724022499,0.9317637950826073,707
7290,71.89228665828705,0.02609760963108501,0.9310437627877557,77
7300,232.0095580816269,0.025967414789916123,0.9317507215270381,237
7310,389.3154075741768,0.025837869460212336,0.9315036922458098,396
7320,778.0217081308365,0.02570897040171359,0.9313842218080076,782
7330,998.096715092659,0.02558071439032473,0.9314210846235985,1000
7340,998.2909686565399,0.02545309821803484,0.93212180061594,1000
7350,658.5740098357201,0.025326118692837022,0.9321812226413587,669
7360,930.1483739614487,0.02519977263864857,0.932605495113625,946
7370,348.4747830629349,0.025074056895231487,0.9323039442642633,354
7380,998.8597183823586,0.02494896831811346,0.931766789850174,1000
7390,355.5381025671959,0.024824503778509224,0.9320685343056625,360
7400,535.1975744366646,0.02470066016324227,0.932047061828758,539
7410,531.5448966622353,0.024577434374667004,0.9316056664472848,537
7420,514.2592399716377,0.024454823330591267,0.9313234447701868,519
7430,998.6138718128204,0.024332823964199217,0.9309556312543777,1000
7440,997.6590954065323,0.02421143322397465,0.9307802362599245,1000
7450,422.2504423260689,0.024090648073624644,0.9304780713966576,426
7460,882.1583423614502,0.023970465492003643,0.9312435839587123,887
7470,999.317567050457,0.023850882473037863,0.9310464937032934,1000
7480,727.1964536309242,0.02373189602565012,0.9315135711525927,736
7490,997.1175501346588,0.023613503173685026,0.932965264938246,1000
7500,210.13973712921143,0.02349570095583451,0.9320199461982348,215
7510,339.78171557188034,0.02337848642556378,0.9323423492234026,344
7520,485.15347731113434,0.023261856651037624,0.931977154020018,489
7530,995.4351635575294,0.023145808715047053,0.9322651668664472,1000
7540,115.51593375205994,0.023030339714936354,0.9309337781224858,124
7550,440.3140625357628,0.022915446762530472,0.9315779580059618,447
7560,334.07692044973373,0.02280112698406279,0.9313010650495579,338
7570,516.7381410598755,0.022687377520103247,0.9308552474580578,523
7580,315.0492744445801,0.022574195525486777,0.9317508802722829,320
7590,997.6112447977066,0.0224615781692422,0.9317212424355847,1000
7600,199.54011410474777,0.022349522634521363,0.9317281629863698,205
7610,658.3956178426743,0.022238026118528726,0.9325017250264482,667
7620,814.1303160786629,0.022127085832451234,0.93320008214591,823
7630,998.8239370584488,0.022016699001388557,0.933105653711599,1000
7640,900.0718134045601,0.021906862864283706,0.9326675227804104,906
7650,471.569158911705,0.021797574673853938,0.9322245612220108,477
7660,245.42804086208344,0.02168883169652206,0.9311841545946835,252
7670,381.2733361721039,0.021580631212348066,0.9319477508813072,385
7680,278.99670058488846,0.021472970514961085,0.931471194992916,286
7690,866.5501316785812,0.021365846911491685,0.931849741961361,877
7700,952.5261041522026,0.021259257722504542,0.9319704145305573,959
7710,401.3173729777336,0.021153200281931402,0.9322485585444675,407
7720,751.0577872395515,0.021047671937004398,0.9322378526672431,755
7730,745.8054993748665,0.02094267004818968,0.9315571703398363,754
7740,677.3225079774857,0.020838191989121443,0.9315403189758967,685
7750,829.1564778089523,0.02073423514653618,0.9316486023114139,837
7760,186.47342264652252,0.02063079692020735,0.9313736624032726,196
7770,202.6768410205841,0.02052787472288034,0.9316480817168472,208
7780,999.7914001941681,0.02042546598020773,0.9314112557814825,1000
7790,430.09962570667267,0.020323568130684914,0.930842728664671,437
7800,308.23617911338806,0.02022217862558603,0.9303864173705098,320
7810,36.39325267076492,0.02012129492890023,0.9297850512575203,41
7820,876.8814603686333,0.020020914517268205,0.9297148991569841,883
7830,997.6729435324669,0.019921034879919097,0.929728360482197,1000
7840,316.85861599445343,0.0198216535186077,0.9299120715078443,324
7850,995.9659050107002,0.019722767947551952,0.9298744532891873,1000
7860,388.5198518037796,0.019624375693370798,0.9293808849471052,399
7870,482.68360912799835,0.019526474295022286,0.9293646509853685,493
7880,998.8869189620018,0.01942906130374202,0.9300894808230201,1000
7890,159.60309547185898,0.01933213428298192,0.9290961859897371,168
7900,422.7000118494034,0.01923569080834927,0.9292754798556709,430
7910,331.5711212158203,0.019139728467546083,0.9290552391576642,337
7920,519.2495406270027,0.019044244860308757,0.9296583102740182,526
7930,404.1821115016937,0.01894923759834803,0.9295716251852133,411
7940,562.3921324014664,0.018854704305289276,0.9298142610626965,570
7950,573.3946096301079,0.01876064261661303,0.930253725480418,577
7960,482.8008465766907,0.01866705017959586,0.9306296142130295,486
7970,603.4996038079262,0.018573924653251514,0.9311449307431822,607
7980,836.8780515193939,0.01848126370827238,0.9309324209627602,841
7990,561.4275393486023,0.018389065026971213,0.9303078931115112,566
8000,254.6637293100357,0.018297326303223154,0.9292842371611741,259
8010,288.44421780109406,0.01820604524240807,0.9295980070069606,296
8020,285.08716839551926,0.018115219561353143,0.9297848323848352,289
8030,705.6317069530487,0.018024846988275778,0.9295839238450541,712
8040,72.86639016866684,0.017934925262726754,0.9223051230964695,78
8050,6.241423189640045,0.017845452135533717,0.9215347426550125,10
8060,707.7234724760056,0.017756425368744878,0.9212683892790434,712
8070,997.7622122168541,0.017667842735573102,0.9223615674689315,1000
8080,932.7900066375732,0.017579702020340135,0.9224554148905335,937
8090,258.3503848314285,0.017492001018421237,0.9220716587042056,270
8100,998.6515218615532,0.017404737536190026,0.9224003321723874,1000
8110,291.95358180999756,0.017317909390963608,0.9212892667066139,297
8120,515.6449354887009,0.017231514410947966,0.92133922882518,520
8130,631.0073724389076,0.01714555043518367,0.9205753350766784,637
8140,476.0208603143692,0.0170600153134918,0.9210067289720788,481
8150,270.43421453237534,0.016974906906420173,0.9212148524692553,275
8160,178.493437230587,0.016890223085189834,0.9205792552632764,185
8170,994.1957712769508,0.016805961731641807,0.9216639631031047,1000
8180,546.4535703063011,0.016722120738184108,0.9226933916635824,552
8190,197.3904522061348,0.016638698007739032,0.9220766438090351,204
8200,169.7609589099884,0.016555691453690718,0.9207106458276024,176
8210,548.7955569028854,0.01647309899983292,0.920080729938029,554
8220,305.41367852687836,0.016390918580317108,0.9199651243554599,309
8230,999.5545061826706,0.016309148139600785,0.9202635997861096,1000
8240,999.07646214962,0.01622778563239607,0.9205350457155169,1000
8250,657.8595894575119,0.016146829023618546,0.9199551120930081,662
8260,202.8028987646103,0.016066276288336342,0.9196672352656906,208
8270,999.5582095384598,0.01598612541171951,0.9204750493056983,1000
8280,997.796802341938,0.01590637438898961,0.9207683769980723,1000
8290,415.3959460258484,0.01582702122536957,0.9207955992611202,420
8300,704.4983275532722,0.015748063936033806,0.9205741534975539,712
8310,756.6896967291832,0.01566950054605853,0.9201769085032093,760
8320,999.0763749480247,0.015591329090372415,0.9204623005622843,1000
8330,708.596276640892,0.015513547613707407,0.9206453153128127,716
8340,745.9286274909973,0.01543615417054981,0.920489909455009,750
8350,997.840131342411,0.015359146825091654,0.9218564413765455,1000
8360,604.3107785582542,0.015282523651182253,0.9219826651345636,615
8370,406.8638964295387,0.015206282732280035,0.921494349815051,412
8380,996.8148488402367,0.0151304221614046,0.9220783574250977,1000
8390,996.4716193675995,0.015054940041089041,0.9217083250439406,1000
8400,372.94575506448746,0.014979834483332444,0.9222992817479043,382
8410,431.2082064151764,0.014905103609552701,0.9213541369402628,437
8420,999.4121302366257,0.014830745550539511,0.9212670117021788,1000
8430,367.4337931871414,0.014756758446407616,0.9217742158104557,375
8440,426.7508455514908,0.014683140446550296,0.9216673733254367,434
8450,999.6889273524284,0.014609889709593073,0.9209575421563958,1000
8460,323.23442256450653,0.014537004403347641,0.9211615300782289,327
8470,278.42091619968414,0.014464482704766062,0.9210354936896141,284
8480,376.9279408454895,0.014392322799895163,0.9214692556246733,383
8490,999.3106998205185,0.014320522883831135,0.9213919389379962,1000
8500,671.8789052963257,0.014249081160674432,0.9216481710442334,681
8510,730.2913026213646,0.014177995843484814,0.9214408093976463,735
8520,996.1855778098106,0.014107265154236673,0.9222275331989049,1000
8530,550.9576429724693,0.014036887323774552,0.9215166508853389,556
8540,998.0358848571777,0.013966860591768894,0.9220057512442383,1000
8550,692.5091779232025,0.01389718320667201,0.9216507740514203,703
8560,685.4237897992134,0.013827853425674276,0.9211478708262887,689
8570,617.0685434341431,0.013758869514660536,0.92098618212865,622
8580,880.5784041285515,0.013690229748166716,0.9215099785755332,884
8590,258.1905822753906,0.013621932409336686,0.9215017929916587,265
8600,340.0441505908966,0.01355397578987931,0.9207914695232972,347
8610,320.3219411969185,0.013486358190025709,0.9208032115659454,328
8620,999.2915071845055,0.013419077918486757,0.921057067842444,1000
8630,508.5730282664299,0.013352133292410766,0.9215375782708234,514
8640,693.621313393116,0.013285522637341403,0.9220000173641927,699
8650,474.65216386318207,0.0132192442871758,0.921831159989629,483
8660,30.230802714824677,0.013153296584122894,0.9216108830135646,35
8670,373.3477020263672,0.013087677878661946,0.9220397043223731,380
8680,254.48329681158066,0.013022386529501282,0.9225219705224956,259
8690,819.963784635067,0.012957420903537258,0.9222830808761355,826
8700,274.0409120321274,0.012892779375813391,0.92227540340312,279
8710,365.5410780906677,0.012828460329479737,0.922392900010885,370
8720,437.92630702257156,0.012764462155752419,0.9226433195933635,443
8730,221.46583026647568,0.012700783253873416,0.9222327236277275,226
8740,536.8421204686165,0.012637422031070508,0.9217737660554841,542
8750,553.7118383049965,0.01257437690251745,0.9216825224166518,558
8760,720.9663241505623,0.012511646291294308,0.921864451736212,730
8770,496.71254140138626,0.012449228628348042,0.9223761750335279,505
8780,247.1033946275711,0.012387122352453244,0.9222525528612457,254
8790,996.7687273025513,0.012325325910173098,0.9225766987059492,1000
8800,214.02523165941238,0.012263837755820513,0.9228279577111537,219
8810,997.770042181015,0.012202656351419471,0.922840617237355,1000
8820,429.1854045391083,0.012141780166666552,0.9226610357002945,435
8830,116.4495820403099,0.012081207678892664,0.9227865647753963,122
8840,891.0355872511864,0.012020937373024952,0.9230764426900999,898
8850,998.9610984921455,0.0119609677415489,0.923307842318564,1000
8860,321.2190579175949,0.01190129728447063,0.923432560518455,325
8870,296.2018890976906,0.011841924509279384,0.9233520670589843,300
8880,243.7318372130394,0.011782847930910188,0.9226855912931298,252
8890,999.7012369632721,0.011724066071706703,0.9233645378611867,1000
8900,607.370048224926,0.011665577461384278,0.9239382367451039,618
8910,301.8890571594238,0.01160738063699316,0.9235365060998538,306
8920,993.6170230507851,0.011549474142881912,0.9248632120740631,1000
8930,296.19431805610657,0.011491856530660996,0.9252867816913192,302
8940,996.2689085006714,0.01143452635916656,0.9262725675853178,1000
8950,996.0424979925156,0.011377482194424365,0.926464178861761,1000
8960,995.1880853772163,0.011320722609613944,0.9269326736153614,1000
8970,987.260061621666,0.011264246185032894,0.9270404440832105,1000
8980,995.7957115769386,0.011208051508061378,0.9277824314344398,1000
8990,999.4639903903008,0.011152137173126787,0.9273980789279956,1000
9000,994.9996903538704,0.011096501781668586,0.9275958236279548,1000
9010,997.7204455137253,0.011041143942103322,0.9271626424923617,1000
9020,998.0911162495613,0.010986062269789829,0.927127993823385,1000
9030,556.3085249662399,0.010931255386994592,0.9275141380857306,561
9040,998.0744270086288,0.010876721922857284,0.9281226449685455,1000
9050,732.5144717097282,0.01082246051335648,0.9280680027498001,743
9060,999.6634810566902,0.010768469801275531,0.9283953395397135,1000
9070,999.4470403194427,0.010714748436168627,0.9283693938230284,1000
9080,995.7788687348366,0.010661295074327018,0.9286336263692624,1000
9090,997.8797162771225,0.010608108378745394,0.9288593187258156,1000
9100,997.80876994133,0.010555187019088457,0.9291516274731748,1000
9110,307.73089587688446,0.010502529671657632,0.9277992777983443,313
9120,998.4421302676201,0.010450135019357975,0.9278081351546501,1000
9130,335.3436383008957,0.01039800175166521,0.9278811002833053,342
9140,998.7296794056892,0.010346128564592962,0.9277669276241314,1000
9150,998.4079583287239,0.01029451416066014,0.9279311674980928,1000
9160,997.4442985057831,0.010243157248858478,0.9283456991792016,1000
9170,997.1498512029648,0.010192056544620243,0.9286061623916256,1000
9180,707.4490193724632,0.010141210769786115,0.9284872004963357,720
9190,991.8558163046837,0.010090618652573212,0.9282958895141407,1000
9200,996.8277591466904,0.010040278927543275,0.9291855904119252,1000
9210,35.27434480190277,0.01,0.9281336174941909,40
9220,635.5722169280052,0.01,0.9274740082746072,644
9230,677.7429520487785,0.01,0.9277290166438491,690
9240,581.7108367681503,0.01,0.9278704863614503,587
9250,993.5630391836166,0.01,0.9285436564379729,1000
9260,999.7008621692657,0.01,0.9276699288406572,1000
9270,999.0209749341011,0.01,0.9278901777989054,1000
9280,999.278802216053,0.01,0.9282501079521239,1000
9290,998.8483273983002,0.01,0.9283880282056098,1000
9300,805.0068648457527,0.01,0.9285530011535319,811
9310,999.4471782445908,0.01,0.9287936865321716,1000
9320,997.8031290769577,0.01,0.9296167840631234,1000
9330,998.8375992178917,0.01,0.9300986258217084,1000
9340,488.2400846481323,0.01,0.9297103963152996,496
9350,799.0161276459694,0.01,0.9291201461484317,808
9360,241.13773792982101,0.01,0.9285961128033842,249
9370,716.0261062979698,0.01,0.9282506863989402,720
9380,998.8649138212204,0.01,0.9284070024586958,1000
9390,999.5660973191261,0.01,0.9283445712116548,1000
9400,586.7616037726402,0.01,0.927943005863175,596
9410,278.22984594106674,0.01,0.9282900106136461,286
9420,434.9515166282654,0.01,0.9286526625721491,443
9430,165.6515177488327,0.01,0.9285195066874005,174
9440,998.5531757473946,0.01,0.9286128130331326,1000
9450,999.1204182505608,0.01,0.9288173867099836,1000
9460,994.8791260719299,0.01,0.9294708869501976,1000
9470,599.151022195816,0.01,0.9284830446328007,603
9480,350.9064588546753,0.01,0.9275946335253374,357
9490,504.1317831873894,0.01,0.9275309619827945,515
9500,997.8620421886444,0.01,0.9271681006643084,1000
9510,258.0110068321228,0.01,0.9265607122666607,262
9520,997.5323355197906,0.01,0.9262634374021085,1000
9530,690.9257668852806,0.01,0.9256757056573786,695
9540,381.88944774866104,0.01,0.9252618987734166,387
9550,475.8362600207329,0.01,0.9251640346193409,480
9560,816.4404698014259,0.01,0.9256151404817101,821
9570,632.1551138162613,0.01,0.925268877623587,640
9580,462.4773722887039,0.01,0.9247138487140771,467
9590,235.72995740175247,0.01,0.9244202670378299,240
9600,946.8998546004295,0.01,0.9247324754024804,956
9610,541.8711019158363,0.01,0.9249307398966375,549
9620,657.9989926218987,0.01,0.9243519925723546,662
9630,293.13419061899185,0.01,0.9239583488371419,302
9640,664.5489345192909,0.01,0.9238564097946595,669
9650,461.93082135915756,0.01,0.9235116632543713,469
9660,437.31612253189087,0.01,0.9228430184828035,445
9670,752.973073720932,0.01,0.9234022630721659,764
9680,720.062141418457,0.01,0.9235385054193694,726
9690,735.5897955298424,0.01,0.9232840863396652,739
9700,999.3383504748344,0.01,0.9224246696490453,1000
9710,914.6578746438026,0.01,0.9228146266409419,918
9720,546.808144569397,0.01,0.9231523170554329,550
9730,301.4243104457855,0.01,0.9230123059660847,307
9740,589.3492171764374,0.01,0.9227104848914074,596
9750,996.9419245123863,0.01,0.9225286216241453,1000
9760,77.52662760019302,0.01,0.9223764048155886,86
9770,588.06667304039,0.01,0.9222505616633768,598
9780,13.928247332572937,0.01,0.9220779865649734,18
9790,631.6445212960243,0.01,0.9218218837629352,637
9800,228.1151443719864,0.01,0.9213090938354448,233
9810,252.04801726341248,0.01,0.9213708871581145,260
9820,109.29822337627411,0.01,0.9209047202682441,115
9830,618.1343263983727,0.01,0.9205873289499475,627
9840,269.11340844631195,0.01,0.920907359947965,278
9850,348.9773259162903,0.01,0.9210324667575174,360
9860,486.92463731765747,0.01,0.9216088553937323,495
9870,370.4293923377991,0.01,0.9216766453581037,379
9880,309.7576571702957,0.01,0.921593080090006,318
9890,454.92446333169937,0.01,0.9218788066095684,459
9900,543.6120623350143,0.01,0.9223904078976475,547
9910,739.6562797427177,0.01,0.9224465897289852,744
9920,997.3599860072136,0.01,0.9219038530228894,1000
9930,329.7601511478424,0.01,0.9219616129446497,334
9940,348.1658000946045,0.01,0.9207510678543713,352
9950,381.2288284301758,0.01,0.9211377846305503,388
9960,409.1179466843605,0.01,0.9214303416370395,416
9970,293.44269835948944,0.01,0.9221072984745865,297
9980,546.4779597520828,0.01,0.9216138019509659,551
9990,832.5544230937958,0.01,0.9222505318173752,838
